time(ms), acc X, acc Y, acc Z, gyro X, gyro Y, gyro Z, mag X, mag Y, mag Z, alt(m), lat, lon
21367, 412, 842, -899, 63, -86, 54, -637, -1036, 2227, 204.655319214, 0, 0
21442, 391, 847, -887, 73, 160, -311, -607, -1142, 2078, 204.651611328, 0, 0
21496, 372, 829, -903, 30, 75, 66, -671, -1134, 2078, 204.656021118, 0, 0
21556, 409, 825, -903, 75, 325, 28, -683, -1221, 2031, 204.654174805, 0, 0
21613, 407, 829, -923, 630, 1158, 73, -672, -984, 2271, 204.656661987, 0, 0
21670, 362, 892, -821, -143, 1825, 139, -655, -954, 2303, 204.661987305, 0, 0
21723, 425, 827, -920, -805, 972, 270, -696, -988, 2264, 204.685272217, 0, 0
21776, 431, 798, -922, -479, -195, 291, -673, -914, 2256, 204.722091675, 0, 0
21826, 428, 813, -923, -277, 135, 18, -736, -930, 2255, 204.730392456, 0, 0
21881, 397, 784, -950, -481, 16, 29, -664, -930, 2261, 204.735977173, 0, 0
21930, 466, 841, -883, -764, -631, 803, -730, -911, 2267, 204.75970459, 0, 0
21987, 436, 806, -936, -544, -160, 35, -729, -919, 2260, 204.76965332, 0, 0
22037, 426, 808, -892, -657, -1510, 501, -739, -949, 2239, 204.774383545, 0, 0
22092, 457, 827, -889, -1051, -1999, 1168, -798, -946, 2180, 204.789627075, 0, 0
22141, 526, 860, -847, -1276, -2599, 1230, -822, -940, 2131, 204.781707764, 0, 0
22198, 518, 824, -771, -1010, -4178, 1389, -857, -961, 2083, 204.767868042, 0, 0
22252, 303, 1541, -1377, -2685, -1866, 2825, -942, -980, 2028, 204.763946533, 0, 0
22306, 485, 913, -796, 4937, 9639, -15211, -893, -993, 2080, 204.779495239, 0, 0
22359, 606, 683, -692, -2035, 2006, 967, -878, -969, 2078, 204.777420044, 0, 0
22409, 510, 756, -658, -191, 3025, 3675, -915, -911, 2083, 204.780059814, 0, 0
22463, 609, 811, -931, -6102, -150, 5088, -1083, -830, 1988, 204.782943726, 0, 0
22517, 721, 520, -832, -2941, 12699, 2872, -1099, -717, 2051, 204.777770996, 0, 0
22568, 677, 642, -808, 873, 4383, 3169, -1091, -667, 2140, 204.766952515, 0, 0
22622, 693, 651, -929, 2641, 5835, -141, -1098, -607, 2224, 204.760742188, 0, 0
22673, 709, 638, -1008, 7704, 62, -5086, -938, -657, 2302, 204.750106812, 0, 0
22728, 328, 717, -1109, 19569, 3171, -13869, -485, -793, 2578, 204.737121582, 0, 0
22781, -484, 430, -1106, 23081, 2353, -17692, 92, -904, 2716, 204.738540649, 0, 0
22831, -9, 840, -1146, -3019, -1717, 7180, -50, -855, 2705, 204.738555908, 0, 0
22885, 39, 694, -1093, -948, 397, 712, -80, -867, 2705, 204.728988647, 0, 0
22939, 83, 705, -1074, -664, -20, 510, -79, -831, 2701, 204.74432373, 0, 0
22995, 54, 694, -1094, 1391, 347, -961, -42, -871, 2697, 204.740631104, 0, 0
23046, 29, 685, -1105, 1070, 304, -910, -34, -867, 2688, 204.732833862, 0, 0
23102, -2, 684, -1095, 105, 145, -35, -38, -843, 2716, 204.75289917, 0, 0
23153, 44, 697, -1077, -98, 139, 132, 20, -836, 2708, 204.74508667, 0, 0
23206, 34, 678, -1106, 139, 105, -76, -60, -847, 2725, 204.745117188, 0, 0
23257, 30, 680, -1110, 57, 110, 15, -16, -874, 2733, 204.745697021, 0, 0
23313, 33, 685, -1077, 100, 80, -52, -60, -838, 2685, 204.734512329, 0, 0
23364, 29, 681, -1102, 91, 128, -89, -39, -875, 2693, 204.735809326, 0, 0
23417, 19, 683, -1111, 119, 55, -51, -28, -860, 2689, 204.737609863, 0, 0
23468, 19, 693, -1093, 92, 126, -52, -12, -855, 2709, 204.744689941, 0, 0
23524, 34, 691, -1102, 112, 35, -46, -63, -864, 2739, 204.746658325, 0, 0
23575, 17, 689, -1098, 110, 125, -79, -27, -891, 2719, 204.750762939, 0, 0
23628, 34, 689, -1090, 154, 86, -73, -24, -823, 2721, 204.762481689, 0, 0
23679, 33, 680, -1094, 127, 125, -43, 14, -869, 2706, 204.76739502, 0, 0
23735, 32, 687, -1107, 198, 264, -70, -27, -879, 2691, 204.775817871, 0, 0
23790, 24, 684, -1105, 163, 58, -72, -20, -825, 2726, 204.78364563, 0, 0
23843, 33, 689, -1120, 104, 98, -39, -48, -881, 2734, 204.787414551, 0, 0
23897, 20, 682, -1114, 89, 112, 19, -2, -850, 2727, 204.795852661, 0, 0
23946, 51, 678, -1085, 172, 136, -113, -47, -814, 2716, 204.804840088, 0, 0
24001, 26, 685, -1113, 93, 55, -39, 13, -879, 2691, 204.810760498, 0, 0
24054, 45, 684, -1098, 129, 107, -55, 32, -852, 2696, 204.827072144, 0, 0
24108, 21, 690, -1102, 82, 87, -43, -23, -880, 2714, 204.842926025, 0, 0
24157, 25, 689, -1099, 120, 169, -45, -47, -867, 2710, 204.853317261, 0, 0
24212, 34, 689, -1103, 155, 108, -25, 19, -847, 2738, 204.86289978, 0, 0
24265, 15, 682, -1101, 78, 75, -57, -16, -827, 2705, 204.872360229, 0, 0
24319, 29, 691, -1096, 165, 85, -111, -49, -859, 2693, 204.874633789, 0, 0
24368, 22, 684, -1110, 119, 148, -22, -54, -876, 2703, 204.87461853, 0, 0
24423, 37, 686, -1109, 87, 88, -65, -71, -859, 2694, 204.875411987, 0, 0
24476, 30, 696, -1115, 94, 61, -23, -63, -822, 2721, 204.887039185, 0, 0
24533, 33, 683, -1105, 90, 83, -50, -12, -880, 2737, 204.892807007, 0, 0
24583, 38, 689, -1104, 95, 91, -49, -31, -891, 2731, 204.890930176, 0, 0
24641, 24, 681, -1098, 105, 94, -62, -37, -862, 2689, 204.902191162, 0, 0
24692, 32, 687, -1106, 123, 84, -58, -5, -878, 2664, 204.913604736, 0, 0
24744, 25, 689, -1095, 124, 69, -68, 6, -860, 2714, 204.915878296, 0, 0
24794, 34, 681, -1097, -96, 269, 90, 10, -934, 2697, 204.917999268, 0, 0
24851, 33, 690, -1095, 125, 138, -63, -59, -874, 2694, 204.913467407, 0, 0
24901, 21, 685, -1095, 134, 69, -20, 28, -848, 2688, 204.909500122, 0, 0
24953, 36, 687, -1097, 114, 73, -34, -20, -843, 2698, 204.909973145, 0, 0
25005, 33, 681, -1105, 119, 121, -33, -35, -901, 2689, 204.905532837, 0, 0
25062, 34, 693, -1108, 118, 84, -70, 27, -850, 2696, 204.903305054, 0, 0
25112, 40, 677, -1111, 123, 117, -28, -19, -871, 2713, 204.910842896, 0, 0
25166, 28, 683, -1096, 157, 114, -72, -56, -840, 2701, 204.915512085, 0, 0
25215, 30, 684, -1109, 74, 55, -24, -30, -807, 2695, 204.909622192, 0, 0
25267, 24, 695, -1097, 166, 35, 7, -16, -839, 2695, 204.909927368, 0, 0
25327, 37, 690, -1109, 98, 60, -84, 9, -835, 2695, 204.918807983, 0, 0
25380, 29, 684, -1096, 94, 51, -69, -23, -810, 2714, 204.909225464, 0, 0
25433, 31, 688, -1091, 64, 55, -15, -12, -821, 2695, 204.913299561, 0, 0
25484, 31, 688, -1107, 132, 103, -34, -17, -861, 2693, 204.923736572, 0, 0
25538, 42, 682, -1087, 132, 68, -59, -72, -865, 2706, 204.928771973, 0, 0
25591, 27, 673, -1110, 118, 41, -39, 1, -850, 2702, 204.947036743, 0, 0
25645, 29, 680, -1103, 119, 91, -59, -50, -839, 2690, 204.960617065, 0, 0
25695, 38, 697, -1101, 130, 125, -39, -13, -843, 2696, 204.97442627, 0, 0
25747, 33, 692, -1102, 126, 113, -26, 3, -895, 2680, 204.990737915, 0, 0
25799, 22, 679, -1090, 125, 103, -62, -70, -911, 2694, 205.002868652, 0, 0
25849, 26, 680, -1078, 135, -64, -16, 37, -896, 2515, 205.002761841, 0, 0
25903, 41, 678, -1094, 187, 69, -51, 10, -834, 2457, 205.00352478, 0, 0
25956, 42, 681, -1096, 130, 96, -53, -24, -989, 2597, 205.005599976, 0, 0
26007, 41, 687, -1100, 107, 120, -15, -16, -793, 2692, 205.011688232, 0, 0
26059, 32, 679, -1115, 122, 146, -71, -46, -987, 2545, 205.02746582, 0, 0
26111, 30, 684, -1091, 169, 15, -41, -33, -996, 2671, 205.040710449, 0, 0
26166, 43, 683, -1111, 215, -50, -41, -13, -927, 2631, 205.056900024, 0, 0
26217, 43, 688, -1098, 168, 1, -59, 24, -1078, 2681, 205.061401367, 0, 0
26268, 37, 677, -1107, 85, 62, -61, -34, -1066, 2640, 205.059310913, 0, 0
26318, 27, 685, -1081, 122, 114, -4, 4, -1107, 2606, 205.059555054, 0, 0
26362, 38, 677, -1099, 138, 110, -42, -25, -1038, 2660, 205.058105469, 0, 0
26408, 30, 678, -1114, -38, 363, -63, -30, -836, 2695, 205.044921875, 0, 0
26452, 36, 685, -1100, 124, 100, -46, 2, -845, 2702, 205.046661377, 0, 0
26499, 43, 687, -1110, 142, 84, -31, -10, -876, 2704, 205.027389526, 0, 0
26542, 34, 681, -1119, 120, 94, -28, -32, -853, 2696, 205.024520874, 0, 0
26587, 28, 682, -1114, 169, 81, -65, -13, -854, 2716, 205.022903442, 0, 0
26637, 41, 690, -1113, 98, 57, -72, -21, -844, 2698, 205.013244629, 0, 0
26681, 26, 680, -1098, 108, -2, -11, -27, -809, 2695, 205.003753662, 0, 0
26730, 35, 681, -1096, 127, 69, -53, -10, -847, 2693, 205.002212524, 0, 0
26780, 36, 696, -1118, 141, 86, -71, -25, -868, 2696, 204.990203857, 0, 0
26824, 35, 680, -1112, 92, 72, -29, -67, -841, 2705, 204.994644165, 0, 0
26871, 31, 679, -1107, 107, 88, -57, 21, -839, 2694, 204.996963501, 0, 0
26914, 35, 694, -1104, 118, 47, -28, -22, -903, 2692, 204.994216919, 0, 0
26961, 36, 677, -1106, 112, 86, -42, -16, -850, 2701, 204.992965698, 0, 0
27005, 44, 690, -1092, 116, 83, -50, -16, -818, 2694, 204.992080688, 0, 0
27051, 28, 674, -1092, 118, 82, -53, -45, -816, 2686, 204.989425659, 0, 0
27095, 31, 687, -1106, 151, 55, -62, -16, -836, 2684, 205.002731323, 0, 0
27142, 42, 688, -1103, 95, 86, -72, -54, -865, 2696, 205.00769043, 0, 0
27185, 30, 687, -1109, 121, 109, -59, -6, -893, 2700, 205.009429932, 0, 0
27232, 30, 676, -1103, 90, 105, -69, -51, -881, 2681, 205.011123657, 0, 0
27276, 22, 694, -1109, 156, 197, -35, -5, -832, 2689, 205.023406982, 0, 0
27323, 23, 691, -1113, 110, 110, -40, -23, -847, 2685, 205.030319214, 0, 0
27366, 52, 687, -1119, 140, 122, -100, -31, -895, 2687, 205.036880493, 0, 0
27413, 32, 680, -1121, 99, 95, -28, 48, -835, 2696, 205.046905518, 0, 0
27460, 37, 691, -1112, 119, 81, -52, -45, -840, 2717, 205.05027771, 0, 0
27507, 44, 683, -1101, 88, 163, -18, -23, -847, 2709, 205.060653687, 0, 0
27554, 38, 678, -1117, 128, 49, -51, -65, -832, 2698, 205.069900513, 0, 0
27597, 37, 682, -1105, 115, 63, -47, -47, -805, 2721, 205.072967529, 0, 0
27654, 27, 683, -1086, 83, 79, -40, -50, -858, 2707, 205.09223938, 0, 0
27698, 25, 687, -1105, 130, 89, -71, -5, -885, 2710, 205.105941772, 0, 0
27742, 35, 678, -1087, 121, 53, -74, -61, -882, 2537, 205.11680603, 0, 0
27788, 42, 674, -1105, 62, 283, -48, 27, -1000, 2691, 205.126754761, 0, 0
27834, 22, 673, -1084, 221, 45, -15, -106, -884, 2435, 205.145095825, 0, 0
27879, 42, 689, -1087, 222, -214, -83, -54, -922, 2639, 205.140792847, 0, 0
27924, 27, 683, -1105, -22, 238, -55, 11, -935, 2390, 205.140655518, 0, 0
27969, 28, 681, -1106, -45, 228, -55, -12, -891, 2675, 205.126846313, 0, 0
28016, 32, 714, -1080, 165, 88, -42, -41, -858, 2705, 205.12298584, 0, 0
28060, 28, 677, -1118, 181, 135, -88, -56, -882, 2708, 205.120986938, 0, 0
28110, 37, 679, -1090, 20, 181, 15, -28, -863, 2701, 205.114196777, 0, 0
28156, 37, 677, -1098, 106, 67, -70, 17, -806, 2709, 205.087997437, 0, 0
28201, 45, 680, -1116, 109, 43, -35, -61, -829, 2710, 205.076675415, 0, 0
28247, 30, 685, -1121, 129, 62, -60, -66, -844, 2692, 205.074401855, 0, 0
28291, 32, 690, -1094, 123, 84, -58, -55, -854, 2691, 205.073303223, 0, 0
28338, 40, 684, -1113, 153, 46, -65, -32, -821, 2700, 205.063156128, 0, 0
28381, 32, 681, -1106, 101, 79, -73, -51, -893, 2693, 205.057678223, 0, 0
28428, 49, 676, -1097, 131, 82, -76, -64, -887, 2699, 205.063430786, 0, 0
28472, 33, 681, -1092, 99, 83, -51, 9, -814, 2683, 205.054260254, 0, 0
28518, 49, 682, -1105, 94, 60, -43, 1, -874, 2687, 205.045700073, 0, 0
28562, 24, 681, -1106, 111, 117, -51, -36, -848, 2690, 205.043151855, 0, 0
28609, 43, 679, -1108, 128, 100, -64, -9, -862, 2698, 205.036071777, 0, 0
28657, 31, 676, -1104, 99, 82, -51, -61, -838, 2693, 205.033081055, 0, 0
28703, 29, 671, -1109, 94, 96, -54, -54, -816, 2691, 205.027618408, 0, 0
28750, 28, 683, -1085, 124, 79, -32, -65, -814, 2702, 205.020507812, 0, 0
28797, 41, 681, -1111, 97, 104, -45, -17, -804, 2697, 205.011138916, 0, 0
28843, 22, 683, -1124, 130, 69, -18, -38, -868, 2701, 205.002731323, 0, 0
28890, 18, 680, -1112, 91, 58, -40, 43, -853, 2707, 204.995651245, 0, 0
28934, 32, 681, -1102, 124, 63, -9, -75, -864, 2702, 204.985824585, 0, 0
28980, 44, 667, -1098, 124, 76, -24, -33, -817, 2695, 204.983688354, 0, 0
29025, 30, 681, -1098, 164, 91, -62, -22, -864, 2693, 204.98487854, 0, 0
29068, 25, 685, -1116, 121, 108, -70, 26, -890, 2698, 204.983840942, 0, 0
29115, 30, 685, -1113, 124, 43, -56, -35, -841, 2699, 204.989685059, 0, 0
29162, 40, 672, -1087, 143, 80, -61, -25, -873, 2703, 204.997131348, 0, 0
29205, 28, 694, -1118, 80, 174, -55, 0, -841, 2697, 205.005004883, 0, 0
29252, 35, 688, -1113, 106, 101, -68, -61, -827, 2701, 205.017440796, 0, 0
29296, 37, 682, -1109, 112, 48, -15, -13, -807, 2699, 205.026092529, 0, 0
29342, 38, 673, -1108, 119, 83, -85, -64, -847, 2704, 205.035003662, 0, 0
29386, 39, 682, -1098, 113, 71, -48, -57, -869, 2698, 205.041290283, 0, 0
29437, 44, 698, -1090, 128, 74, -69, -8, -862, 2705, 205.055374146, 0, 0
29483, 37, 690, -1110, 118, 74, -24, -55, -834, 2706, 205.073318481, 0, 0
29527, 38, 678, -1097, 98, 27, -44, -28, -823, 2710, 205.082717896, 0, 0
29574, 39, 687, -1100, 128, 92, -67, -21, -827, 2707, 205.09135437, 0, 0
29617, 28, 686, -1107, 99, 86, -9, -23, -837, 2709, 205.098358154, 0, 0
29665, 45, 676, -1112, 122, 76, -34, -41, -828, 2708, 205.116012573, 0, 0
29714, 50, 690, -1129, 125, 76, -35, -52, -848, 2697, 205.119369507, 0, 0
29758, 34, 678, -1089, 134, 78, -56, 19, -858, 2696, 205.124298096, 0, 0
29804, 21, 684, -1109, 136, 68, -56, -48, -851, 2697, 205.132843018, 0, 0
29849, 45, 688, -1108, 104, 89, -52, -54, -830, 2715, 205.120788574, 0, 0
29895, 45, 686, -1094, 114, 59, -35, -5, -822, 2703, 205.114471436, 0, 0
29939, 40, 679, -1094, 96, 51, -45, -19, -853, 2701, 205.118286133, 0, 0
29986, 33, 684, -1111, 131, 60, -26, -45, -818, 2707, 205.122329712, 0, 0
30019, 17, 689, -1103, 113, 76, -42, -10, -822, 2693, 205.125823975, 0, 0
30056, 29, 678, -1096, 135, 86, -35, -37, -849, 2693, 205.122711182, 0, 0
30096, 40, 691, -1123, 129, 108, -39, -23, -828, 2705, 205.117095947, 0, 0
30130, 25, 685, -1084, 103, 158, -41, -107, -890, 2708, 205.110549927, 0, 0
30166, 36, 692, -1112, 102, 78, -79, -82, -887, 2712, 205.092102051, 0, 0
30200, 52, 684, -1110, 141, 61, -41, -33, -838, 2689, 205.091217041, 0, 0
30236, 38, 679, -1094, 108, 73, -60, -54, -773, 2693, 205.072357178, 0, 0
30270, 30, 694, -1101, 119, 48, -57, -69, -846, 2742, 205.055541992, 0, 0
30307, -20, 668, -1113, 160, 66, -70, -22, -864, 2708, 205.050598145, 0, 0
30341, -84, 648, -1020, 492, 40, 117, -62, -826, 2748, 205.043045044, 0, 0
30377, 10, 595, -1226, 141, 1912, 3030, -89, -804, 2708, 205.027740479, 0, 0
30411, 160, 651, -1096, -3410, 1154, 3405, -192, -769, 2690, 205.019729614, 0, 0
30447, 292, 611, -1156, -2369, 828, -1337, -119, -760, 2682, 205.014068604, 0, 0
30481, 181, 684, -1136, -2541, -612, 350, -117, -832, 2683, 205.010482788, 0, 0
30518, -89, 628, -1069, 5011, 491, -3288, -47, -789, 2712, 204.989715576, 0, 0
30552, 42, 664, -1129, 2622, -743, -2301, -85, -854, 2702, 204.985519409, 0, 0
30588, 93, 705, -1195, -1095, 76, 609, -75, -808, 2718, 204.981567383, 0, 0
30627, 98, 574, -1085, -2333, 65, 728, -105, -799, 2701, 204.984161377, 0, 0
30666, 95, 683, -1110, -3400, 476, 910, -190, -779, 2677, 204.975280762, 0, 0
30700, 130, 585, -1062, -6179, 171, 1349, -299, -769, 2642, 204.962844849, 0, 0
30739, 349, 577, -947, -15762, -1936, 6926, -582, -829, 2513, 204.968505859, 0, 0
30773, 736, 666, -952, -23688, -5087, 16292, -821, -681, 2336, 204.956481934, 0, 0
30809, 483, 627, -764, -17491, -7315, 15863, -1017, -658, 2209, 204.960174561, 0, 0
30843, 651, 968, -982, 680, -5099, 3109, -1043, -668, 2162, 204.950256348, 0, 0
30879, 696, 499, -794, 2490, -3354, -2390, -969, -731, 2213, 204.957107544, 0, 0
30913, 567, 696, -1040, 4561, 2638, -5182, -917, -722, 2236, 204.951553345, 0, 0
30950, 557, 562, -794, 2409, 4376, -2260, -898, -703, 2276, 204.950088501, 0, 0
30984, 377, 527, -966, -2056, 3425, 169, -971, -683, 2265, 204.945785522, 0, 0
31020, 633, 813, -1269, -4629, 2289, 2980, -1021, -590, 2253, 204.949203491, 0, 0
31054, 585, 600, -940, -2278, 5637, 3131, -1038, -643, 2254, 204.940673828, 0, 0
31091, 541, 572, -952, -243, -2552, 1549, -1056, -589, 2234, 204.943817139, 0, 0
31131, 333, 552, -1350, 1904, -1956, 186, -989, -609, 2243, 204.945465088, 0, 0
31165, 702, 644, -884, 4553, -44, -1723, -966, -594, 2275, 204.949920654, 0, 0
31201, 513, 577, -1028, 4097, -687, 1294, -951, -552, 2301, 204.950256348, 0, 0
31235, 638, 551, -964, 3735, -1337, 2591, -970, -601, 2315, 204.949920654, 0, 0
31272, 696, 586, -882, 2720, -437, 3548, -969, -610, 2328, 204.958938599, 0, 0
31304, 570, 560, -1104, 765, -410, 2572, -1016, -542, 2323, 204.949523926, 0, 0
31339, 507, 646, -1007, 2211, 1416, 3047, -997, -509, 2333, 204.958694458, 0, 0
31374, 600, 655, -903, 2764, -1822, 1659, -989, -547, 2339, 204.945053101, 0, 0
31409, 519, 754, -1017, 3267, -2388, 1285, -990, -536, 2362, 204.933761597, 0, 0
31444, 570, 603, -949, 3327, -869, -2729, -892, -597, 2366, 204.938171387, 0, 0
31455, 637, 611, -1001, 3025, -1403, -2738, -914, -605, 2364, 204.93157959, 0, 0
31503, 558, 707, -1148, 1729, -2500, -4295, -838, -785, 2147, 204.934356689, 0, 0
31546, 597, 551, -1168, 2248, 318, -4929, -792, -737, 2354, 204.941421509, 0, 0
31597, 368, 741, -999, 5905, 324, -4979, -773, -752, 2435, 204.951705933, 0, 0
31641, 488, 696, -920, 2618, -1837, -2939, -679, -797, 2433, 204.954620361, 0, 0
31693, 310, 667, -968, -77, -1262, -2564, -652, -836, 2421, 204.965652466, 0, 0
31737, 337, 632, -811, 2234, 77, -2931, -584, -865, 2446, 204.964126587, 0, 0
31784, 372, 698, -961, -834, -623, -2326, -538, -822, 2443, 205.000259399, 0, 0
31828, 255, 716, -993, -603, -2872, -3675, -535, -929, 2423, 205.0, 0, 0
31874, 380, 942, -1055, -1052, -1433, -1915, -548, -973, 2410, 205.004699707, 0, 0
31918, 252, 723, -873, 313, -820, -4131, -502, -970, 2414, 205.009338379, 0, 0
31965, 194, 829, -1005, 850, 1814, -2584, -429, -1006, 2428, 205.018173218, 0, 0
32008, 151, 771, -894, 1140, -165, -1649, -386, -1000, 2412, 205.006790161, 0, 0
32056, 284, 882, -960, -2487, -1739, 357, -448, -1042, 2384, 205.008529663, 0, 0
32099, 235, 830, -1004, -1795, -3566, 19, -494, -1083, 2328, 205.012985229, 0, 0
32146, 330, 904, -867, -1121, -4554, 852, -440, -1094, 2275, 205.018371582, 0, 0
32190, 262, 859, -857, -1278, -2706, -63, -517, -1156, 2228, 205.017410278, 0, 0
32236, 287, 896, -826, -244, -1130, 218, -495, -1144, 2225, 205.008453369, 0, 0
32280, 322, 951, -849, -580, -79, 1765, -560, -1161, 2193, 205.011108398, 0, 0
32327, 263, 847, -808, -150, -259, 169, -527, -1163, 2232, 205.012039185, 0, 0
32374, 376, 929, -892, -409, 2163, 1463, -549, -1125, 2240, 204.995941162, 0, 0
32417, 360, 879, -884, -5, 1175, -108, -572, -1128, 2261, 204.987472534, 0, 0
32461, 316, 845, -955, -142, 1482, -583, -585, -1081, 2246, 204.969833374, 0, 0
32504, 300, 857, -879, 499, 205, 319, -520, -1106, 2258, 204.967468262, 0, 0
32551, 296, 855, -906, 551, 443, -536, -551, -1101, 2258, 204.963256836, 0, 0
32595, 312, 861, -933, 457, 634, 180, -614, -1089, 2286, 204.953582764, 0, 0
32640, 296, 829, -864, -6, -532, 264, -540, -1122, 2265, 204.944564819, 0, 0
32686, 377, 914, -890, 32, -179, 1079, -553, -1099, 2254, 204.934127808, 0, 0
32732, 318, 858, -867, 39, -501, 398, -583, -1116, 2250, 204.923721313, 0, 0
32776, 339, 863, -895, -197, 292, 369, -605, -1082, 2247, 204.922515869, 0, 0
32819, 377, 876, -872, -490, 172, 937, -585, -1060, 2238, 204.918563843, 0, 0
32903, 352, 841, -917, 113, 58, 138, -520, -1087, 2220, 204.913848877, 0, 0
32949, 323, 856, -857, 671, -251, 227, -579, -1097, 2221, 204.914291382, 0, 0
32993, 378, 892, -900, 36, 330, 487, -641, -1052, 2216, 204.917510986, 0, 0
33044, 377, 864, -907, -57, 328, 340, -641, -1073, 2226, 204.922119141, 0, 0
33090, 341, 850, -870, 124, 241, 274, -610, -1029, 2232, 204.916503906, 0, 0
33134, 380, 887, -886, -209, 122, 629, -660, -1087, 2211, 204.917327881, 0, 0
33178, 386, 860, -869, -306, 77, 450, -653, -1077, 2220, 204.926193237, 0, 0
33224, 386, 860, -894, -114, 183, 107, -648, -1018, 2214, 204.943695068, 0, 0
33268, 375, 843, -884, 128, 216, -86, -706, -1037, 2220, 204.949447632, 0, 0
33315, 370, 873, -929, 375, 120, -395, -626, -1084, 2226, 204.959823608, 0, 0
33361, 356, 866, -869, 80, 262, -57, -631, -1036, 2221, 204.969161987, 0, 0
33442, 365, 854, -887, -55, 557, -89, -647, -1037, 2225, 204.995559692, 0, 0
33486, 371, 836, -923, -179, 564, -242, -652, -1040, 2254, 205.005081177, 0, 0
33532, 376, 845, -876, -131, 253, 164, -665, -1019, 2218, 205.014343262, 0, 0
33576, 389, 874, -861, -129, 289, 147, -647, -1032, 2251, 205.021743774, 0, 0
33623, 373, 856, -893, 56, -79, -64, -679, -1026, 2247, 205.024932861, 0, 0
33670, 383, 851, -906, -31, 30, -95, -618, -1059, 2230, 205.029647827, 0, 0
33717, 375, 845, -925, 227, 160, -218, -611, -1040, 2220, 205.038162231, 0, 0
33767, 372, 835, -929, 119, 127, -86, -631, -1065, 2227, 205.036758423, 0, 0
33811, 379, 845, -884, -158, 339, 184, -643, -1018, 2232, 205.032073975, 0, 0
33858, 370, 836, -896, 31, 240, 44, -675, -1018, 2231, 205.045272827, 0, 0
33938, 393, 848, -904, 208, 10, 15, -653, -1042, 2256, 205.027557373, 0, 0
33988, 386, 841, -901, 100, 177, 49, -661, -1039, 2249, 205.035858154, 0, 0
34032, 403, 842, -898, 18, 151, 259, -645, -1051, 2230, 205.034133911, 0, 0
34078, 422, 874, -873, 52, 127, 32, -729, -1046, 2244, 205.036987305, 0, 0
34123, 373, 842, -918, 389, 95, -422, -644, -999, 2222, 205.035491943, 0, 0
34169, 369, 844, -886, -71, 49, 149, -713, -1006, 2244, 205.032516479, 0, 0
34212, 402, 859, -901, -37, 196, 131, -682, -998, 2230, 205.029785156, 0, 0
34260, 384, 831, -901, 4, 179, -121, -677, -1003, 2248, 205.033172607, 0, 0
34303, 390, 837, -884, 37, 259, 50, -634, -1074, 2221, 205.028701782, 0, 0
34350, 413, 862, -879, -180, 102, 181, -684, -1032, 2218, 205.023605347, 0, 0
34394, 390, 846, -907, -70, 68, 110, -623, -1019, 2215, 205.02532959, 0, 0
34480, 405, 855, -883, 46, -56, -61, -670, -1046, 2226, 205.013748169, 0, 0
34524, 403, 844, -895, 21, 63, 89, -668, -1027, 2223, 205.00227356, 0, 0
34570, 382, 849, -896, 208, 66, -129, -685, -1048, 2237, 205.004119873, 0, 0
34617, 384, 844, -904, 81, 45, -36, -654, -1021, 2226, 204.991729736, 0, 0
34661, 400, 829, -897, -68, -38, 67, -667, -988, 2214, 204.992507935, 0, 0
34707, 408, 845, -884, 142, 74, -16, -655, -1020, 2219, 205.000457764, 0, 0
34751, 383, 844, -892, 627, 471, -194, -703, -1011, 2233, 205.004501343, 0, 0
34799, 387, 835, -903, 498, 147, -281, -706, -1040, 2212, 204.996994019, 0, 0
34841, 393, 854, -901, 272, 62, 33, -680, -1021, 2219, 205.008087158, 0, 0
34889, 398, 855, -895, 315, 157, -77, -668, -1029, 2230, 205.008636475, 0, 0
34933, 373, 839, -891, 240, 169, -151, -649, -1066, 2226, 205.015304565, 0, 0
35016, 362, 858, -907, 456, 215, -180, -657, -1054, 2230, 205.016601562, 0, 0
35060, 386, 823, -915, 232, 63, -66, -601, -1021, 2239, 205.018325806, 0, 0
35103, 387, 847, -901, 491, 117, -156, -625, -998, 2252, 205.025634766, 0, 0
35150, 351, 832, -906, 536, -74, -204, -633, -1044, 2243, 205.037643433, 0, 0
35201, 386, 863, -893, 384, -62, -30, -610, -1020, 2241, 205.040863037, 0, 0
35244, 350, 840, -917, 274, 179, -81, -633, -1045, 2245, 205.053283691, 0, 0
35294, 350, 835, -927, 402, 27, -170, -646, -1119, 2249, 205.069519043, 0, 0
35338, 376, 848, -904, 555, 270, -35, -605, -994, 2249, 205.083740234, 0, 0
35385, 361, 851, -919, 434, 227, -243, -622, -1013, 2250, 205.09513855, 0, 0
35428, 349, 833, -923, 617, 136, -366, -584, -1006, 2265, 205.104370117, 0, 0
35512, 346, 830, -916, 878, 518, -711, -559, -1057, 2266, 205.115921021, 0, 0
35555, 354, 864, -870, 939, 581, -482, -622, -1021, 2286, 205.113235474, 0, 0
35606, 308, 823, -936, 1300, 1880, -758, -547, -984, 2311, 205.131546021, 0, 0
35650, 300, 822, -945, 1580, 1625, -791, -521, -985, 2334, 205.134857178, 0, 0
35699, 273, 815, -977, 721, 814, -524, -529, -996, 2348, 205.136291504, 0, 0
35743, 312, 844, -981, 760, 351, -339, -502, -991, 2358, 205.141891479, 0, 0
35787, 294, 830, -945, 657, 217, -379, -506, -1042, 2378, 205.143218994, 0, 0
35833, 321, 819, -970, 213, 279, 81, -513, -1054, 2367, 205.150222778, 0, 0
35877, 281, 811, -911, 444, -127, -663, -501, -1012, 2371, 205.153717041, 0, 0
35928, 287, 806, -991, 594, 437, -168, -460, -1026, 2378, 205.154693604, 0, 0
35974, 262, 804, -948, 992, 801, -207, -485, -975, 2383, 205.154495239, 0, 0
36055, 244, 815, -982, 1028, 427, -600, -454, -1068, 2401, 205.145797729, 0, 0
36098, 268, 799, -965, 924, 128, -255, -444, -1031, 2401, 205.131942749, 0, 0
36145, 255, 825, -981, 744, 273, -287, -500, -993, 2414, 205.123352051, 0, 0
36189, 253, 811, -991, 1235, 317, -449, -438, -1078, 2421, 205.122955322, 0, 0
36235, 193, 805, -959, 1269, 296, -561, -356, -1032, 2427, 205.132217407, 0, 0
36279, 201, 796, -979, 629, -72, -423, -366, -1045, 2438, 205.140060425, 0, 0
36323, 232, 823, -978, 199, -59, 102, -342, -967, 2426, 205.115661621, 0, 0
36369, 228, 832, -968, 249, -114, 51, -352, -1086, 2428, 205.099807739, 0, 0
36413, 203, 804, -971, 527, 71, -253, -391, -996, 2435, 205.09161377, 0, 0
36460, 202, 806, -1032, 351, -280, -139, -395, -1044, 2436, 205.079437256, 0, 0
36506, 227, 830, -984, 533, -265, -67, -318, -1033, 2430, 205.080841064, 0, 0
36587, 221, 837, -973, 435, -434, 131, -384, -947, 2423, 205.080154419, 0, 0
36635, 199, 840, -982, 346, 74, -19, -346, -1035, 2451, 205.077377319, 0, 0
36679, 212, 831, -967, 537, -265, -26, -334, -1027, 2427, 205.073120117, 0, 0
36729, 201, 833, -962, 498, 73, -283, -364, -1032, 2426, 205.067382812, 0, 0
36774, 202, 846, -946, 346, -307, -237, -343, -1056, 2432, 205.062332153, 0, 0
36821, 191, 814, -956, 220, -224, -329, -373, -1054, 2427, 205.061676025, 0, 0
36866, 189, 823, -936, 299, 57, -104, -383, -1093, 2424, 205.064071655, 0, 0
36912, 208, 844, -1006, 219, -382, -53, -309, -1067, 2420, 205.058059692, 0, 0
36956, 182, 833, -944, 327, -231, -150, -318, -1076, 2424, 205.075088501, 0, 0
37003, 198, 835, -979, 242, -44, -110, -372, -1045, 2416, 205.082183838, 0, 0
37083, 203, 849, -946, 293, 81, 39, -351, -1069, 2421, 205.084579468, 0, 0
37133, 197, 843, -958, 157, -24, -122, -370, -1046, 2415, 205.087524414, 0, 0
37177, 191, 846, -954, 243, 155, -187, -361, -1069, 2420, 205.092391968, 0, 0
37223, 212, 846, -981, 105, -63, -28, -355, -1069, 2420, 205.096786499, 0, 0
37268, 172, 836, -970, 402, 155, -179, -339, -1039, 2423, 205.106445312, 0, 0
37314, 180, 831, -931, 291, -234, -57, -330, -1023, 2420, 205.112930298, 0, 0
37364, 200, 849, -954, 58, -9, 0, -348, -1053, 2422, 205.121627808, 0, 0
37411, 193, 856, -937, 262, -147, -113, -347, -1065, 2410, 205.132095337, 0, 0
37455, 162, 828, -955, 265, -235, -397, -345, -1101, 2423, 205.146514893, 0, 0
37501, 185, 859, -1058, 206, -120, -169, -306, -1065, 2425, 205.153335571, 0, 0
37545, 156, 763, -948, 322, 1586, -1299, -378, -1064, 2428, 205.16960144, 0, 0
37625, 181, 831, -961, -81, 331, 109, -246, -1041, 2449, 205.184005737, 0, 0
37671, 173, 842, -945, 368, -310, 15, -260, -1083, 2430, 205.197784424, 0, 0
37716, 163, 864, -972, 443, -790, 599, -367, -1061, 2423, 205.199783325, 0, 0
37762, 189, 837, -931, 256, -515, 382, -330, -1138, 2415, 205.204605103, 0, 0
37807, 188, 857, -1016, 44, 28, 382, -323, -1080, 2414, 205.200210571, 0, 0
37853, 189, 835, -960, 486, -58, 119, -354, -1115, 2426, 205.192764282, 0, 0
37897, 180, 865, -970, 447, 116, 221, -296, -1106, 2421, 205.194122314, 0, 0
37944, 178, 851, -943, 295, -31, -43, -347, -1075, 2415, 205.183624268, 0, 0
37987, 179, 847, -942, -1, 54, -9, -287, -1050, 2422, 205.183486938, 0, 0
38031, 174, 849, -929, -7, 131, -314, -316, -1105, 2413, 205.177566528, 0, 0
38114, 190, 866, -913, -524, -552, 182, -358, -1077, 2392, 205.178070068, 0, 0
38158, 225, 887, -951, -1272, -1224, -50, -407, -1064, 2382, 205.180908203, 0, 0
38201, 190, 889, -927, -616, -679, -613, -232, -1100, 2361, 205.154312134, 0, 0
38249, 195, 868, -921, -766, -597, -486, -348, -1144, 2348, 205.152496338, 0, 0
38292, 223, 861, -945, -39, -57, 42, -352, -1149, 2339, 205.147003174, 0, 0
38339, 185, 825, -955, 971, 199, 417, -323, -1116, 2356, 205.144836426, 0, 0
38383, 171, 918, -950, 2141, -277, 982, -357, -1130, 2372, 205.128540039, 0, 0
38427, 182, 978, -816, 2458, 2036, 1671, -382, -1026, 2382, 205.101699829, 0, 0
38469, 207, 924, -956, -712, 71, 3, -351, -1122, 2382, 205.101593018, 0, 0
38517, 174, 857, -955, -1592, -492, -1677, -312, -1104, 2356, 205.091842651, 0, 0
38558, 210, 885, -718, -1941, 10, -625, -386, -1157, 2351, 205.081359863, 0, 0
38630, 193, 870, -922, -381, 972, -460, -324, -1290, 2220, 205.068954468, 0, 0
38664, 234, 850, -950, -171, 1362, 8, -406, -1160, 2362, 205.071655273, 0, 0
38701, 208, 838, -950, -42, 1053, -526, -381, -1139, 2365, 205.079711914, 0, 0
38741, 202, 856, -954, 488, 985, -195, -298, -1088, 2378, 205.090744019, 0, 0
38777, 216, 842, -948, 388, 697, 127, -407, -1071, 2373, 205.095428467, 0, 0
38811, 188, 823, -958, 56, 306, -92, -355, -1116, 2403, 205.104949951, 0, 0
38852, 210, 870, -943, 190, 254, 80, -385, -1114, 2380, 205.10949707, 0, 0
38887, 230, 859, -950, 85, 72, 160, -396, -1086, 2400, 205.12159729, 0, 0
38920, 186, 844, -963, 220, 204, -139, -328, -1056, 2400, 205.124969482, 0, 0
38958, 198, 832, -962, 338, 285, 77, -340, -1085, 2411, 205.136611938, 0, 0
38992, 234, 859, -940, 217, 54, 238, -421, -1069, 2421, 205.147583008, 0, 0
39063, 199, 838, -959, 314, 204, -109, -407, -1063, 2403, 205.15524292, 0, 0
39099, 209, 849, -965, 315, 131, -12, -399, -1045, 2433, 205.135955811, 0, 0
39133, 228, 828, -953, 115, -25, 284, -343, -1081, 2422, 205.130935669, 0, 0
39169, 228, 848, -968, 491, -91, 42, -315, -1097, 2415, 205.143295288, 0, 0
39203, 192, 868, -940, 721, -209, -11, -372, -1046, 2406, 205.135299683, 0, 0
39239, 104, 811, -967, 2333, -2435, 538, -355, -1083, 2417, 205.14050293, 0, 0
39273, 181, 938, -833, 2631, -1519, 1426, -307, -1108, 2410, 205.143859863, 0, 0
39312, 249, 860, -991, 394, -813, 977, -321, -1111, 2410, 205.155212402, 0, 0
39347, 135, 833, -930, 610, 18, -532, -346, -1073, 2392, 205.155822754, 0, 0
39359, 116, 820, -941, 1189, 231, -465, -345, -1055, 2430, 205.150527954, 0, 0
39457, 171, 878, -928, 151, 1154, -15, -354, -1034, 2455, 205.147583008, 0, 0
39499, 210, 870, -967, -1726, 2208, -241, -348, -1234, 2464, 205.148834229, 0, 0
39543, 169, 799, -931, -108, 1415, -700, -324, -1075, 2438, 205.153747559, 0, 0
39588, 227, 862, -974, -455, 1082, 0, -320, -1086, 2466, 205.164245605, 0, 0
39635, 174, 798, -988, -346, 265, -207, -282, -1052, 2476, 205.157653809, 0, 0
39680, 167, 826, -988, 245, 203, 49, -322, -999, 2467, 205.149017334, 0, 0
39730, 181, 820, -962, -118, 179, 235, -377, -1069, 2486, 205.159317017, 0, 0
39776, 162, 829, -979, 147, 75, -100, -297, -1045, 2462, 205.164428711, 0, 0
39826, 201, 823, -971, -193, -286, -28, -374, -1052, 2498, 205.170349121, 0, 0
39870, 178, 835, -971, -48, -42, 21, -384, -1014, 2468, 205.166381836, 0, 0
39916, 167, 808, -987, 80, -128, 99, -325, -1040, 2484, 205.167404175, 0, 0
39967, 204, 862, -986, -71, -481, 126, -326, -1032, 2475, 205.171432495, 0, 0
40014, 176, 829, -940, 142, -345, -19, -384, -1072, 2443, 205.170547485, 0, 0
40057, 201, 833, -969, -117, -183, -194, -337, -1077, 2458, 205.160736084, 0, 0
40104, 176, 837, -985, 272, -265, 105, -330, -1050, 2444, 205.138290405, 0, 0
40148, 195, 852, -947, 352, 9, 118, -356, -1093, 2471, 205.130630493, 0, 0
40194, 182, 835, -978, 219, -99, -86, -323, -1076, 2420, 205.118743896, 0, 0
40238, 175, 839, -954, 219, -172, -15, -383, -1025, 2437, 205.112579346, 0, 0
40285, 197, 861, -965, 144, -7, 87, -312, -1069, 2420, 205.102890015, 0, 0
40328, 193, 854, -959, 243, -79, -129, -302, -1038, 2438, 205.093170166, 0, 0
40375, 197, 857, -953, 245, -18, -101, -338, -1090, 2429, 205.083389282, 0, 0
40419, 194, 849, -936, 124, 20, 22, -340, -1103, 2439, 205.083206177, 0, 0
40465, 189, 838, -978, 223, -2, -72, -363, -1047, 2436, 205.077423096, 0, 0
40509, 179, 851, -931, 199, 112, 43, -313, -1086, 2432, 205.085418701, 0, 0
40556, 190, 846, -958, 117, 8, 61, -330, -1117, 2429, 205.081787109, 0, 0
40600, 191, 852, -956, 124, 83, 49, -337, -1071, 2435, 205.084197998, 0, 0
40650, 196, 849, -936, 169, 52, -72, -376, -1095, 2458, 205.086151123, 0, 0
40699, 186, 858, -961, 178, -25, 2, -323, -1121, 2414, 205.082382202, 0, 0
40745, 175, 853, -959, 115, 75, -8, -326, -1086, 2419, 205.077178955, 0, 0
40790, 188, 851, -943, 223, 10, 16, -293, -1086, 2432, 205.063537598, 0, 0
40837, 197, 845, -957, 154, 31, -104, -347, -1105, 2416, 205.071273804, 0, 0
40881, 182, 848, -942, 116, -72, 48, -320, -1087, 2423, 205.07824707, 0, 0
40927, 195, 847, -934, 260, 167, -119, -292, -1069, 2409, 205.088439941, 0, 0
40972, 159, 848, -960, 184, 50, -38, -330, -1088, 2434, 205.091430664, 0, 0
41018, 194, 859, -945, 106, -136, 189, -346, -1112, 2407, 205.086776733, 0, 0
41062, 153, 834, -941, 275, -61, -71, -311, -1086, 2431, 205.096389771, 0, 0
41106, 138, 796, -953, 872, -324, 290, -332, -1103, 2417, 205.109848022, 0, 0
41150, 183, 932, -851, 1604, -935, 1160, -289, -1087, 2425, 205.117507935, 0, 0
41193, 163, 838, -927, 144, -2394, -53, -324, -1090, 2403, 205.136611938, 0, 0
41240, 239, 911, -938, -550, -82, 478, -282, -1118, 2380, 205.144302368, 0, 0
41281, 124, 861, -954, 623, 440, -505, -298, -1080, 2399, 205.153427124, 0, 0
41331, 190, 864, -934, 934, 281, 477, -342, -1084, 2416, 205.16796875, 0, 0
41377, 174, 894, -907, 1018, 337, 395, -261, -1056, 2407, 205.180160522, 0, 0
41421, 154, 870, -955, 113, -10, -173, -282, -1170, 2412, 205.181976318, 0, 0
41463, 156, 881, -918, 390, 258, -26, -332, -1125, 2430, 205.191055298, 0, 0
41509, 163, 883, -947, -261, 300, -348, -355, -1125, 2415, 205.194107056, 0, 0
41553, 178, 890, -923, 72, -99, 182, -249, -1055, 2439, 205.195388794, 0, 0
41598, 149, 863, -928, 72, -51, -214, -359, -1038, 2404, 205.192871094, 0, 0
41642, 190, 891, -917, -1, 208, 146, -300, -1083, 2451, 205.181243896, 0, 0
41688, 146, 843, -950, 372, 242, -97, -303, -1083, 2425, 205.198242188, 0, 0
41734, 177, 884, -924, 97, 114, 198, -297, -1090, 2441, 205.194885254, 0, 0
41779, 122, 847, -944, 190, 157, -53, -305, -1117, 2417, 205.198196411, 0, 0
41823, 179, 883, -950, 46, -69, 107, -354, -1105, 2434, 205.189086914, 0, 0
41869, 133, 846, -922, 158, -47, 26, -272, -1090, 2420, 205.17767334, 0, 0
41913, 174, 898, -945, 158, 42, 20, -303, -1154, 2435, 205.180892944, 0, 0
41962, 150, 846, -924, 82, 43, -73, -320, -1080, 2417, 205.19708252, 0, 0
42005, 158, 888, -930, 144, 136, -84, -311, -1095, 2440, 205.203994751, 0, 0
42050, 143, 872, -947, 90, -27, 57, -334, -1107, 2422, 205.202178955, 0, 0
42095, 174, 888, -928, 179, -20, 101, -315, -1158, 2406, 205.204162598, 0, 0
42140, 144, 863, -926, 185, 95, -152, -362, -1087, 2411, 205.213363647, 0, 0
42185, 165, 873, -931, 220, 24, 172, -309, -1119, 2406, 205.216705322, 0, 0
